{
    "class_id": 2,
    "class_name": "Pycnopodia_helianthoides",
    "real_world_coordinate": [
        58.71968254445319,
        38.630561699819324
    ],
    "homography_matrix": [
        [
            0.5287317440341482,
            -0.02329581884707746,
            -91.78254602326056
        ],
        [
            0.10692382590760048,
            0.5116149976208644,
            -105.72903046970282
        ],
        [
            0.000468507246693244,
            0.0003542611333513405,
            0.9999999999999999
        ]
    ],
    "corrected_polygon": [
        [
            [
                49,
                13
            ],
            [
                49,
                16
            ],
            [
                50,
                17
            ],
            [
                50,
                20
            ],
            [
                49,
                21
            ],
            [
                48,
                20
            ],
            [
                47,
                20
            ],
            [
                43,
                16
            ],
            [
                41,
                16
            ],
            [
                41,
                18
            ],
            [
                43,
                20
            ],
            [
                43,
                21
            ],
            [
                44,
                22
            ],
            [
                44,
                24
            ],
            [
                43,
                25
            ],
            [
                42,
                25
            ],
            [
                39,
                22
            ],
            [
                36,
                22
            ],
            [
                36,
                23
            ],
            [
                37,
                24
            ],
            [
                37,
                25
            ],
            [
                43,
                31
            ],
            [
                41,
                33
            ],
            [
                39,
                33
            ],
            [
                38,
                32
            ],
            [
                34,
                32
            ],
            [
                33,
                33
            ],
            [
                32,
                33
            ],
            [
                31,
                32
            ],
            [
                31,
                34
            ],
            [
                32,
                35
            ],
            [
                34,
                35
            ],
            [
                35,
                36
            ],
            [
                37,
                36
            ],
            [
                38,
                37
            ],
            [
                39,
                37
            ],
            [
                41,
                39
            ],
            [
                39,
                41
            ],
            [
                37,
                41
            ],
            [
                36,
                42
            ],
            [
                35,
                42
            ],
            [
                34,
                43
            ],
            [
                33,
                43
            ],
            [
                32,
                44
            ],
            [
                30,
                44
            ],
            [
                30,
                46
            ],
            [
                34,
                46
            ],
            [
                35,
                45
            ],
            [
                37,
                45
            ],
            [
                38,
                46
            ],
            [
                39,
                46
            ],
            [
                40,
                47
            ],
            [
                35,
                52
            ],
            [
                34,
                52
            ],
            [
                34,
                54
            ],
            [
                37,
                54
            ],
            [
                38,
                53
            ],
            [
                39,
                53
            ],
            [
                40,
                52
            ],
            [
                42,
                52
            ],
            [
                43,
                51
            ],
            [
                44,
                51
            ],
            [
                45,
                52
            ],
            [
                45,
                53
            ],
            [
                43,
                55
            ],
            [
                43,
                56
            ],
            [
                41,
                58
            ],
            [
                41,
                61
            ],
            [
                42,
                61
            ],
            [
                43,
                60
            ],
            [
                44,
                60
            ],
            [
                47,
                57
            ],
            [
                48,
                57
            ],
            [
                49,
                56
            ],
            [
                50,
                56
            ],
            [
                51,
                57
            ],
            [
                51,
                58
            ],
            [
                50,
                59
            ],
            [
                50,
                66
            ],
            [
                51,
                65
            ],
            [
                52,
                65
            ],
            [
                52,
                64
            ],
            [
                53,
                63
            ],
            [
                53,
                62
            ],
            [
                54,
                61
            ],
            [
                54,
                60
            ],
            [
                56,
                58
            ],
            [
                56,
                57
            ],
            [
                57,
                56
            ],
            [
                59,
                58
            ],
            [
                59,
                64
            ],
            [
                60,
                65
            ],
            [
                62,
                63
            ],
            [
                62,
                62
            ],
            [
                63,
                61
            ],
            [
                63,
                55
            ],
            [
                64,
                54
            ],
            [
                68,
                58
            ],
            [
                68,
                59
            ],
            [
                69,
                59
            ],
            [
                70,
                60
            ],
            [
                70,
                59
            ],
            [
                71,
