{
    "class_id": 2,
    "class_name": "Pycnopodia_helianthoides",
    "real_world_coordinate": [
        79.71783175150554,
        36.019178098903765
    ],
    "homography_matrix": [
        [
            0.5300479420499136,
            -0.022425924123489347,
            -90.64180390298463
        ],
        [
            0.10578756229660857,
            0.511521276521972,
            -107.63591622622492
        ],
        [
            0.0004687644250727124,
            0.0003554429501914141,
            1.0
        ]
    ],
    "corrected_polygon": [
        [
            [
                71,
                10
            ],
            [
                71,
                11
            ],
            [
                70,
                12
            ],
            [
                70,
                14
            ],
            [
                71,
                15
            ],
            [
                71,
                18
            ],
            [
                70,
                19
            ],
            [
                65,
                14
            ],
            [
                64,
                14
            ],
            [
                63,
                13
            ],
            [
                63,
                14
            ],
            [
                62,
                15
            ],
            [
                64,
                17
            ],
            [
                64,
                18
            ],
            [
                65,
                19
            ],
            [
                65,
                22
            ],
            [
                64,
                23
            ],
            [
                61,
                20
            ],
            [
                60,
                20
            ],
            [
                59,
                19
            ],
            [
                57,
                19
            ],
            [
                57,
                21
            ],
            [
                60,
                24
            ],
            [
                60,
                25
            ],
            [
                64,
                29
            ],
            [
                63,
                30
            ],
            [
                57,
                30
            ],
            [
                56,
                29
            ],
            [
                55,
                30
            ],
            [
                51,
                30
            ],
            [
                51,
                32
            ],
            [
                53,
                32
            ],
            [
                54,
                33
            ],
            [
                56,
                33
            ],
            [
                57,
                34
            ],
            [
                59,
                34
            ],
            [
                61,
                36
            ],
            [
                61,
                37
            ],
            [
                60,
                38
            ],
            [
                58,
                38
            ],
            [
                57,
                39
            ],
            [
                56,
                39
            ],
            [
                55,
                40
            ],
            [
                53,
                40
            ],
            [
                52,
                41
            ],
            [
                51,
                41
            ],
            [
                51,
                42
            ],
            [
                52,
                43
            ],
            [
                60,
                43
            ],
            [
                61,
                44
            ],
            [
                61,
                45
            ],
            [
                60,
                46
            ],
            [
                59,
                46
            ],
            [
                55,
                50
            ],
            [
                55,
                51
            ],
            [
                58,
                51
            ],
            [
                59,
                50
            ],
            [
                61,
                50
            ],
            [
                62,
                49
            ],
            [
                63,
                49
            ],
            [
                64,
                48
            ],
            [
                65,
                48
            ],
            [
                66,
                49
            ],
            [
                66,
                50
            ],
            [
                65,
                51
            ],
            [
                65,
                52
            ],
            [
                63,
                54
            ],
            [
                63,
                55
            ],
            [
                62,
                56
            ],
            [
                62,
                58
            ],
            [
                64,
                58
            ],
            [
                66,
                56
            ],
            [
                67,
                56
            ],
            [
                70,
                53
            ],
            [
                71,
                53
            ],
            [
                72,
                54
            ],
            [
                72,
                55
            ],
            [
                71,
                56
            ],
            [
                71,
                64
            ],
            [
                72,
                64
            ],
            [
                72,
                63
            ],
            [
                73,
                62
            ],
            [
                73,
                61
            ],
            [
                74,
                60
            ],
            [
                74,
                59
            ],
            [
                75,
                58
            ],
            [
                75,
                57
            ],
            [
                77,
                55
            ],
            [
                77,
                54
            ],
            [
                78,
                53
            ],
            [
                79,
                54
            ],
            [
                79,
                55
            ],
            [
                80,
                56
            ],
            [
                80,
                61
            ],
            [
                81,
                62
            ],
            [
                83,
                60
            ],
            [
                83,
                59
            ],
            [
                84,
                58
            ],
            [
                84,
                54
            ],
            [
                86,
                52
            ],
            [
                87,
                53
            ],
            [
                87,
                54
            ],
            [
                90,
                57
